{"eo": [{"final": "eoi", "final_url": "https://www.ilc.cuhk.edu.hk/workshop/Chinese/Cantonese/Romanization/ch3_finals/audio/2_learn/3_eo_oe/eoi.mp3", "jyutping": "zeoi1 keoi5", "traditional": "\u8ffd\u4f62"}, {"final": "eon", "final_url": "https://www.ilc.cuhk.edu.hk/workshop/Chinese/Cantonese/Romanization/ch3_finals/audio/2_learn/3_eo_oe/eon.mp3", "jyutping": "leon6 zeon6", "traditional": "\u8ad6\u76e1"}, {"final": "eot", "final_url": "https://www.ilc.cuhk.edu.hk/workshop/Chinese/Cantonese/Romanization/ch3_finals/audio/2_learn/3_eo_oe/eot.mp3", "jyutping": "ceot1 seot6", "traditional": "\u51fa\u8853"}]}