{"u_short": [{"final": "", "final_url": "", "jyutping": "", "traditional": ""}, {"final": "", "final_url": "", "jyutping": "", "traditional": ""}, {"final": "ung", "final_url": "https://www.ilc.cuhk.edu.hk/workshop/Chinese/Cantonese/Romanization/ch3_finals/audio/2_learn/6_u/ung.mp3", "jyutping": "gung1 gung6", "traditional": "\u516c\u5171"}, {"final": "uk", "final_url": "https://www.ilc.cuhk.edu.hk/workshop/Chinese/Cantonese/Romanization/ch3_finals/audio/2_learn/6_u/uk.mp3", "jyutping": "kuk1 muk6", "traditional": "\u66f2\u76ee"}], "u_long": [{"final": "u", "final_url": "https://www.ilc.cuhk.edu.hk/workshop/Chinese/Cantonese/Romanization/ch3_finals/audio/2_learn/6_u/u.mp3", "jyutping": "fu1 fu5", "traditional": "\u592b\u5a66"}, {"final": "ui", "final_url": "https://www.ilc.cuhk.edu.hk/workshop/Chinese/Cantonese/Romanization/ch3_finals/audio/2_learn/6_u/ui.mp3", "jyutping": "mui4 mui2", "traditional": "\u59b9\u59b9"}, {"final": "un", "final_url": "https://www.ilc.cuhk.edu.hk/workshop/Chinese/Cantonese/Romanization/ch3_finals/audio/2_learn/6_u/un.mp3", "jyutping": "bun3 wun2", "traditional": "\u534a\u7897"}, {"final": "ut", "final_url": "https://www.ilc.cuhk.edu.hk/workshop/Chinese/Cantonese/Romanization/ch3_finals/audio/2_learn/6_u/ut.mp3", "jyutping": "wut6 put3", "traditional": "\u6d3b\u6f51"}]}