{"i_short": [{"final": "", "final_url": "", "jyutping": "", "traditional": ""}, {"final": "", "final_url": "", "jyutping": "", "traditional": ""}, {"final": "ing", "final_url": "https://www.ilc.cuhk.edu.hk/workshop/Chinese/Cantonese/Romanization/ch3_finals/audio/2_learn/5_i/ing.mp3", "jyutping": "zing1 ling1", "traditional": "\u7cbe\u9748"}, {"final": "", "final_url": "", "jyutping": "", "traditional": ""}, {"final": "ik", "final_url": "https://www.ilc.cuhk.edu.hk/workshop/Chinese/Cantonese/Romanization/ch3_finals/audio/2_learn/5_i/ik.mp3", "jyutping": "zik1 gik6", "traditional": "\u7a4d\u6975"}, {"final": "", "final_url": "", "jyutping": "", "traditional": ""}], "i_long": [{"final": "i", "final_url": "https://www.ilc.cuhk.edu.hk/workshop/Chinese/Cantonese/Romanization/ch3_finals/audio/2_learn/5_i/i.mp3", "jyutping": "ji3 ji6", "traditional": "\u610f\u7fa9"}, {"final": "iu", "final_url": "https://www.ilc.cuhk.edu.hk/workshop/Chinese/Cantonese/Romanization/ch3_finals/audio/2_learn/5_i/iu.mp3", "jyutping": "miu5 tiu5", "traditional": "\u7a88\u7a95"}, {"final": "im", "final_url": "https://www.ilc.cuhk.edu.hk/workshop/Chinese/Cantonese/Romanization/ch3_finals/audio/2_learn/5_i/im.mp3", "jyutping": "gim2 dim2", "traditional": "\u6aa2\u9ede"}, {"final": "in", "final_url": "https://www.ilc.cuhk.edu.hk/workshop/Chinese/Cantonese/Romanization/ch3_finals/audio/2_learn/5_i/in.mp3", "jyutping": "gin3 min6", "traditional": "\u898b\u9762"}, {"final": "ip", "final_url": "https://www.ilc.cuhk.edu.hk/workshop/Chinese/Cantonese/Romanization/ch3_finals/audio/2_learn/5_i/ip.mp3", "jyutping": "sip3 lip6", "traditional": "\u6d89\u7375"}, {"final": "it", "final_url": "https://www.ilc.cuhk.edu.hk/workshop/Chinese/Cantonese/Romanization/ch3_finals/audio/2_learn/5_i/it.mp3", "jyutping": "can1 cit3", "traditional": "\u89aa\u5207"}]}