{"e_short": [{"final": "", "final_url": "", "jyutping": "", "traditional": ""}, {"final": "ei", "final_url": "https://www.ilc.cuhk.edu.hk/workshop/Chinese/Cantonese/Romanization/ch3_finals/audio/2_learn/4_e/ei.mp3", "jyutping": "fei1 gei1", "traditional": "\u98db\u6a5f"}, {"final": "", "final_url": "", "jyutping": "", "traditional": ""}, {"final": "", "final_url": "", "jyutping": "", "traditional": ""}], "e_long": [{"final": "e", "final_url": "https://www.ilc.cuhk.edu.hk/workshop/Chinese/Cantonese/Romanization/ch3_finals/audio/2_learn/4_e/e.mp3", "jyutping": "je4 je2", "traditional": "\u723a\u723a"}, {"final": "eng", "final_url": "https://www.ilc.cuhk.edu.hk/workshop/Chinese/Cantonese/Romanization/ch3_finals/audio/2_learn/4_e/eng.mp3", "jyutping": "leng3 seng1", "traditional": "\u975a\u8072"}, {"final": "ek", "final_url": "https://www.ilc.cuhk.edu.hk/workshop/Chinese/Cantonese/Romanization/ch3_finals/audio/2_learn/4_e/ek.mp3", "jyutping": "pek3 sek6", "traditional": "\u5288\u77f3"}]}