{"oe": [{"final": "oe", "final_url": "https://www.ilc.cuhk.edu.hk/workshop/Chinese/Cantonese/Romanization/ch3_finals/audio/2_learn/3_eo_oe/oe.mp3", "jyutping": "coeng4 hoe1", "traditional": "\u9577\u9774"}, {"final": "oeng", "final_url": "https://www.ilc.cuhk.edu.hk/workshop/Chinese/Cantonese/Romanization/ch3_finals/audio/2_learn/3_eo_oe/oeng.mp3", "jyutping": "soeng1 loeng4", "traditional": "\u5546\u91cf"}, {"final": "oek", "final_url": "https://www.ilc.cuhk.edu.hk/workshop/Chinese/Cantonese/Romanization/ch3_finals/audio/2_learn/3_eo_oe/oek.mp3", "jyutping": "coek3 joek6", "traditional": "\u828d\u85e5"}]}