{"yu": [{"final": "yu", "final_url": "https://www.ilc.cuhk.edu.hk/workshop/Chinese/Cantonese/Romanization/ch3_finals/audio/2_learn/7_yu/yu.mp3", "jyutping": "jyu5 zyu1", "traditional": "\u4e73\u8c6c"}, {"final": "yun", "final_url": "https://www.ilc.cuhk.edu.hk/workshop/Chinese/Cantonese/Romanization/ch3_finals/audio/2_learn/7_yu/yun.mp3", "jyutping": "syun1 cyun4", "traditional": "\u5ba3\u50b3"}, {"final": "yut", "final_url": "https://www.ilc.cuhk.edu.hk/workshop/Chinese/Cantonese/Romanization/ch3_finals/audio/2_learn/7_yu/yut.mp3", "jyutping": "kyut3 zyut6", "traditional": "\u6c7a\u7d55"}]}