{"m": [{"final": "am", "final_url": "https://www.ilc.cuhk.edu.hk/workshop/Chinese/Cantonese/Romanization/ch3_finals/audio/2_learn/9_m_n_ng/am.mp3", "jyutping": "sam1", "traditional": "\u5fc3"}, {"final": "aam", "final_url": "https://www.ilc.cuhk.edu.hk/workshop/Chinese/Cantonese/Romanization/ch3_finals/audio/2_learn/9_m_n_ng/aam.mp3", "jyutping": "saam1", "traditional": "\u4e09"}, {"final": "", "final_url": "", "jyutping": "", "traditional": ""}, {"final": "", "final_url": "", "jyutping": "", "traditional": ""}, {"final": "", "final_url": "", "jyutping": "", "traditional": ""}, {"final": "im", "final_url": "https://www.ilc.cuhk.edu.hk/workshop/Chinese/Cantonese/Romanization/ch3_finals/audio/2_learn/9_m_n_ng/im.mp3", "jyutping": "gim1", "traditional": "\u517c"}, {"final": "", "final_url": "", "jyutping": "", "traditional": ""}, {"final": "", "final_url": "", "jyutping": "", "traditional": ""}], "n": [{"final": "an", "final_url": "https://www.ilc.cuhk.edu.hk/workshop/Chinese/Cantonese/Romanization/ch3_finals/audio/2_learn/9_m_n_ng/an.mp3", "jyutping": "san1", "traditional": "\u65b0"}, {"final": "aan", "final_url": "https://www.ilc.cuhk.edu.hk/workshop/Chinese/Cantonese/Romanization/ch3_finals/audio/2_learn/9_m_n_ng/aan.mp3", "jyutping": "saan1", "traditional": "\u5c71"}, {"final": "on", "final_url": "https://www.ilc.cuhk.edu.hk/workshop/Chinese/Cantonese/Romanization/ch3_finals/audio/2_learn/9_m_n_ng/on.mp3", "jyutping": "gon1", "traditional": "\u4e7e"}, {"final": "", "final_url": "", "jyutping": "", "traditional": ""}, {"final": "", "final_url": "", "jyutping": "", "traditional": ""}, {"final": "in", "final_url": "https://www.ilc.cuhk.edu.hk/workshop/Chinese/Cantonese/Romanization/ch3_finals/audio/2_learn/9_m_n_ng/in.mp3", "jyutping": "sin1", "traditional": "\u5148"}, {"final": "un", "final_url": "https://www.ilc.cuhk.edu.hk/workshop/Chinese/Cantonese/Romanization/ch3_finals/audio/2_learn/9_m_n_ng/un.mp3", "jyutping": "gun1", "traditional": "\u5b98"}, {"final": "yun", "final_url": "https://www.ilc.cuhk.edu.hk/workshop/Chinese/Cantonese/Romanization/ch3_finals/audio/2_learn/9_m_n_ng/yun.mp3", "jyutping": "syun1", "traditional": "\u9178"}], "ng": [{"final": "ang", "final_url": "https://www.ilc.cuhk.edu.hk/workshop/Chinese/Cantonese/Romanization/ch3_finals/audio/2_learn/9_m_n_ng/ang.mp3", "jyutping": "sang1", "traditional": "\u7272"}, {"final": "aang", "final_url": "https://www.ilc.cuhk.edu.hk/workshop/Chinese/Cantonese/Romanization/ch3_finals/audio/2_learn/9_m_n_ng/aang.mp3", "jyutping": "saang1", "traditional": "\u751f"}, {"final": "ong", "final_url": "https://www.ilc.cuhk.edu.hk/workshop/Chinese/Cantonese/Romanization/ch3_finals/audio/2_learn/9_m_n_ng/ong.mp3", "jyutping": "gong1", "traditional": "\u6c5f"}, {"final": "oeng", "final_url": "https://www.ilc.cuhk.edu.hk/workshop/Chinese/Cantonese/Romanization/ch3_finals/audio/2_learn/9_m_n_ng/oeng.mp3", "jyutping": "soeng1", "traditional": "\u50b7"}, {"final": "eng", "final_url": "https://www.ilc.cuhk.edu.hk/workshop/Chinese/Cantonese/Romanization/ch3_finals/audio/2_learn/9_m_n_ng/eng.mp3", "jyutping": "seng1", "traditional": "\u8165"}, {"final": "ing", "final_url": "https://www.ilc.cuhk.edu.hk/workshop/Chinese/Cantonese/Romanization/ch3_finals/audio/2_learn/9_m_n_ng/ing.mp3", "jyutping": "sing1", "traditional": "\u661f"}, {"final": "ung", "final_url": "https://www.ilc.cuhk.edu.hk/workshop/Chinese/Cantonese/Romanization/ch3_finals/audio/2_learn/9_m_n_ng/ung.mp3", "jyutping": "gung1", "traditional": "\u5de5"}, {"final": "", "final_url": "", "jyutping": "", "traditional": ""}]}