{"o_short": [{"final": "", "final_url": "", "jyutping": "", "traditional": ""}, {"final": "ou", "final_url": "https://www.ilc.cuhk.edu.hk/workshop/Chinese/Cantonese/Romanization/ch3_finals/audio/2_learn/2_o/ou.mp3", "jyutping": "bou3 gou3", "traditional": "\u5831\u544a"}, {"final": "", "final_url": "", "jyutping": "", "traditional": ""}, {"final": "", "final_url": "", "jyutping": "", "traditional": ""}, {"final": "", "final_url": "", "jyutping": "", "traditional": ""}, {"final": "", "final_url": "", "jyutping": "", "traditional": ""}], "o_long": [{"final": "o", "final_url": "https://www.ilc.cuhk.edu.hk/workshop/Chinese/Cantonese/Romanization/ch3_finals/audio/2_learn/2_o/o.mp3", "jyutping": "bo1 lo4", "traditional": "\u83e0\u863f"}, {"final": "on", "final_url": "https://www.ilc.cuhk.edu.hk/workshop/Chinese/Cantonese/Romanization/ch3_finals/audio/2_learn/2_o/on.mp3", "jyutping": "gon1 hon5", "traditional": "\u4e7e\u65f1"}, {"final": "ong", "final_url": "https://www.ilc.cuhk.edu.hk/workshop/Chinese/Cantonese/Romanization/ch3_finals/audio/2_learn/2_o/ong.mp3", "jyutping": "cong2 fong4", "traditional": "\u5ee0\u623f"}, {"final": "ot", "final_url": "https://www.ilc.cuhk.edu.hk/workshop/Chinese/Cantonese/Romanization/ch3_finals/audio/2_learn/2_o/ot.mp3", "jyutping": "hot3 mong6", "traditional": "\u6e34\u671b"}, {"final": "ok", "final_url": "https://www.ilc.cuhk.edu.hk/workshop/Chinese/Cantonese/Romanization/ch3_finals/audio/2_learn/2_o/ok.mp3", "jyutping": "gok3 lok1", "traditional": "\u89d2\u843d"}]}