{"p": [{"final": "ap", "final_url": "https://www.ilc.cuhk.edu.hk/workshop/Chinese/Cantonese/Romanization/ch3_finals/audio/2_learn/10_p_t_k/ap.mp3", "jyutping": "sap1", "traditional": "\u6fd5"}, {"final": "aap", "final_url": "https://www.ilc.cuhk.edu.hk/workshop/Chinese/Cantonese/Romanization/ch3_finals/audio/2_learn/10_p_t_k/aap.mp3", "jyutping": "saap3", "traditional": "\u573e"}, {"final": "", "final_url": "", "jyutping": "", "traditional": ""}, {"final": "", "final_url": "", "jyutping": "", "traditional": ""}, {"final": "", "final_url": "", "jyutping": "", "traditional": ""}, {"final": "", "final_url": "", "jyutping": "", "traditional": ""}, {"final": "ip", "final_url": "https://www.ilc.cuhk.edu.hk/workshop/Chinese/Cantonese/Romanization/ch3_finals/audio/2_learn/10_p_t_k/ip.mp3", "jyutping": "gip3", "traditional": "\u52ab"}, {"final": "", "final_url": "", "jyutping": "", "traditional": ""}, {"final": "", "final_url": "", "jyutping": "", "traditional": ""}], "t": [{"final": "at", "final_url": "https://www.ilc.cuhk.edu.hk/workshop/Chinese/Cantonese/Romanization/ch3_finals/audio/2_learn/10_p_t_k/at.mp3", "jyutping": "sat1", "traditional": "\u5ba4"}, {"final": "aat", "final_url": "https://www.ilc.cuhk.edu.hk/workshop/Chinese/Cantonese/Romanization/ch3_finals/audio/2_learn/10_p_t_k/aat.mp3", "jyutping": "saat3", "traditional": "\u6bba"}, {"final": "ot", "final_url": "https://www.ilc.cuhk.edu.hk/workshop/Chinese/Cantonese/Romanization/ch3_finals/audio/2_learn/10_p_t_k/ot.mp3", "jyutping": "got3", "traditional": "\u5272"}, {"final": "eot", "final_url": "https://www.ilc.cuhk.edu.hk/workshop/Chinese/Cantonese/Romanization/ch3_finals/audio/2_learn/10_p_t_k/eot.mp3", "jyutping": "seot1", "traditional": "\u6064"}, {"final": "", "final_url": "", "jyutping": "", "traditional": ""}, {"final": "", "final_url": "", "jyutping": "", "traditional": ""}, {"final": "it", "final_url": "https://www.ilc.cuhk.edu.hk/workshop/Chinese/Cantonese/Romanization/ch3_finals/audio/2_learn/10_p_t_k/it.mp3", "jyutping": "git3", "traditional": "\u7d50"}, {"final": "ut", "final_url": "https://www.ilc.cuhk.edu.hk/workshop/Chinese/Cantonese/Romanization/ch3_finals/audio/2_learn/10_p_t_k/ut.mp3", "jyutping": "wut6", "traditional": "\u6d3b"}, {"final": "yut", "final_url": "https://www.ilc.cuhk.edu.hk/workshop/Chinese/Cantonese/Romanization/ch3_finals/audio/2_learn/10_p_t_k/yut.mp3", "jyutping": "kyut3", "traditional": "\u6c7a"}], "k": [{"final": "ak", "final_url": "https://www.ilc.cuhk.edu.hk/workshop/Chinese/Cantonese/Romanization/ch3_finals/audio/2_learn/10_p_t_k/ak.mp3", "jyutping": "sak1", "traditional": "\u585e"}, {"final": "aak", "final_url": "https://www.ilc.cuhk.edu.hk/workshop/Chinese/Cantonese/Romanization/ch3_finals/audio/2_learn/10_p_t_k/aak.mp3", "jyutping": "saak3", "traditional": "\u7d22"}, {"final": "ok", "final_url": "https://www.ilc.cuhk.edu.hk/workshop/Chinese/Cantonese/Romanization/ch3_finals/audio/2_learn/10_p_t_k/ok.mp3", "jyutping": "gok3", "traditional": "\u89d2"}, {"final": "", "final_url": "", "jyutping": "", "traditional": ""}, {"final": "oek", "final_url": "https://www.ilc.cuhk.edu.hk/workshop/Chinese/Cantonese/Romanization/ch3_finals/audio/2_learn/10_p_t_k/oek.mp3", "jyutping": "goek3", "traditional": "\u8173"}, {"final": "ek", "final_url": "https://www.ilc.cuhk.edu.hk/workshop/Chinese/Cantonese/Romanization/ch3_finals/audio/2_learn/10_p_t_k/ek.mp3", "jyutping": "sek3", "traditional": "\u932b"}, {"final": "ik", "final_url": "https://www.ilc.cuhk.edu.hk/workshop/Chinese/Cantonese/Romanization/ch3_finals/audio/2_learn/10_p_t_k/ik.mp3", "jyutping": "gik1", "traditional": "\u6fc0"}, {"final": "uk", "final_url": "https://www.ilc.cuhk.edu.hk/workshop/Chinese/Cantonese/Romanization/ch3_finals/audio/2_learn/10_p_t_k/uk.mp3", "jyutping": "guk1", "traditional": "\u83ca"}, {"final": "", "final_url": "", "jyutping": "", "traditional": ""}]}