{"a_data": [{"final": "", "final_url": "", "jyutping": "", "traditional": ""}, {"final": "ai", "final_url": "https://www.ilc.cuhk.edu.hk/workshop/Chinese/Cantonese/Romanization/ch3_finals/audio/2_learn/1_a_aa/ai.mp3", "jyutping": "sai2 lai5", "traditional": "\u6d17\u79ae"}, {"final": "au", "final_url": "https://www.ilc.cuhk.edu.hk/workshop/Chinese/Cantonese/Romanization/ch3_finals/audio/2_learn/1_a_aa/au.mp3", "jyutping": "ngau4 jau4", "traditional": "\u725b\u6cb9"}, {"final": "am", "final_url": "https://www.ilc.cuhk.edu.hk/workshop/Chinese/Cantonese/Romanization/ch3_finals/audio/2_learn/1_a_aa/am.mp3", "jyutping": "gam1 sam1", "traditional": "\u7518\u5fc3"}, {"final": "an", "final_url": "https://www.ilc.cuhk.edu.hk/workshop/Chinese/Cantonese/Romanization/ch3_finals/audio/2_learn/1_a_aa/an.mp3", "jyutping": "wan4 tan1", "traditional": "\u96f2\u5451"}, {"final": "ang", "final_url": "https://www.ilc.cuhk.edu.hk/workshop/Chinese/Cantonese/Romanization/ch3_finals/audio/2_learn/1_a_aa/ang.mp3", "jyutping": "hang4 sang1", "traditional": "\u6052\u751f"}, {"final": "ap", "final_url": "https://www.ilc.cuhk.edu.hk/workshop/Chinese/Cantonese/Romanization/ch3_finals/audio/2_learn/1_a_aa/ap.mp3", "jyutping": "kap1 jap6", "traditional": "\u5438\u5165"}, {"final": "at", "final_url": "https://www.ilc.cuhk.edu.hk/workshop/Chinese/Cantonese/Romanization/ch3_finals/audio/2_learn/1_a_aa/at.mp3", "jyutping": "wat6 dat6", "traditional": "\u6838\u7a81"}, {"final": "ak", "final_url": "https://www.ilc.cuhk.edu.hk/workshop/Chinese/Cantonese/Romanization/ch3_finals/audio/2_learn/1_a_aa/ak.mp3", "jyutping": "mak6 mak1", "traditional": "\u9ea5\u561c"}], "aa_data": [{"final": "aa", "final_url": "https://www.ilc.cuhk.edu.hk/workshop/Chinese/Cantonese/Romanization/ch3_finals/audio/2_learn/1_a_aa/aa.mp3", "jyutping": "maa4 maa1", "traditional": "\u5abd\u5abd"}, {"final": "aai", "final_url": "https://www.ilc.cuhk.edu.hk/workshop/Chinese/Cantonese/Romanization/ch3_finals/audio/2_learn/1_a_aa/aai.mp3", "jyutping": "taai3 taai2", "traditional": "\u592a\u592a"}, {"final": "aau", "final_url": "https://www.ilc.cuhk.edu.hk/workshop/Chinese/Cantonese/Romanization/ch3_finals/audio/2_learn/1_a_aa/aau.mp3", "jyutping": "naau6 gaau1", "traditional": "\u9b27\u4ea4"}, {"final": "aam", "final_url": "https://www.ilc.cuhk.edu.hk/workshop/Chinese/Cantonese/Romanization/ch3_finals/audio/2_learn/1_a_aa/aam.mp3", "jyutping": "gaam3 laam2", "traditional": "\u6a44\u6b16"}, {"final": "aan", "final_url": "https://www.ilc.cuhk.edu.hk/workshop/Chinese/Cantonese/Romanization/ch3_finals/audio/2_learn/1_a_aa/aan.mp3", "jyutping": "maan6 maan2", "traditional": "\u6162\u6162"}, {"final": "aang", "final_url": "https://www.ilc.cuhk.edu.hk/workshop/Chinese/Cantonese/Romanization/ch3_finals/audio/2_learn/1_a_aa/aang.mp3", "jyutping": "saang1 maang5", "traditional": "\u751f\u731b"}, {"final": "aap", "final_url": "https://www.ilc.cuhk.edu.hk/workshop/Chinese/Cantonese/Romanization/ch3_finals/audio/2_learn/1_a_aa/aap.mp3", "jyutping": "laap6 saap3", "traditional": "\u5783\u573e"}, {"final": "aat", "final_url": "https://www.ilc.cuhk.edu.hk/workshop/Chinese/Cantonese/Romanization/ch3_finals/audio/2_learn/1_a_aa/aat.mp3", "jyutping": "faat3 daat6", "traditional": "\u767c\u9054"}, {"final": "aak", "final_url": "https://www.ilc.cuhk.edu.hk/workshop/Chinese/Cantonese/Romanization/ch3_finals/audio/2_learn/1_a_aa/aak.mp3", "jyutping": "caak3 waak6", "traditional": "\u7b56\u5283"}]}