[
    {
        "initial": "b",
        "initial_url": "https://www.ilc.cuhk.edu.hk/workshop/Chinese/Cantonese/Romanization/ch2_initials/audio/1_initials/initial1_1.mp3",
        "examples": [
            {
                "jyutping": "bok6 beng2",
                "traditional": "\u8584\u9905",
                "jyutping_audio_url": "https://www.ilc.cuhk.edu.hk/workshop/Chinese/Cantonese/Romanization/ch2_initials/audio/2_bpmf/1_1.mp3"
            },
            {
                "jyutping": "baa4 baa1",
                "traditional": "\u7238\u7238",
                "jyutping_audio_url": "https://www.ilc.cuhk.edu.hk/workshop/Chinese/Cantonese/Romanization/ch2_initials/audio/2_bpmf/1_2.mp3"
            },
            {
                "jyutping": "bing1 bam1 bo1",
                "traditional": "\u4e52\u4e53\u6ce2",
                "jyutping_audio_url": "https://www.ilc.cuhk.edu.hk/workshop/Chinese/Cantonese/Romanization/ch2_initials/audio/2_bpmf/1_3.mp3"
            }
        ]
    },
    {
        "initial": "p",
        "initial_url": "https://www.ilc.cuhk.edu.hk/workshop/Chinese/Cantonese/Romanization/ch2_initials/audio/1_initials/initial1_6.mp3",
        "examples": [
            {
                "jyutping": "pei4 paa2",
                "traditional": "\u6787\u6777",
                "jyutping_audio_url": "https://www.ilc.cuhk.edu.hk/workshop/Chinese/Cantonese/Romanization/ch2_initials/audio/2_bpmf/2_1.mp3"
            },
            {
                "jyutping": "ping3 pun2",
                "traditional": "\u62fc\u76e4",
                "jyutping_audio_url": "https://www.ilc.cuhk.edu.hk/workshop/Chinese/Cantonese/Romanization/ch2_initials/audio/2_bpmf/2_2.mp3"
            },
            {
                "jyutping": "po4 po2",
                "traditional": "\u5a46\u5a46",
                "jyutping_audio_url": "https://www.ilc.cuhk.edu.hk/workshop/Chinese/Cantonese/Romanization/ch2_initials/audio/2_bpmf/2_3.mp3"
            }
        ]
    },
    {
        "initial": "m",
        "initial_url": "https://www.ilc.cuhk.edu.hk/workshop/Chinese/Cantonese/Romanization/ch2_initials/audio/1_initials/initial1_11.mp3",
        "examples": [
            {
                "jyutping": "mei5 mun5",
                "traditional": "\u7f8e\u6eff",
                "jyutping_audio_url": "https://www.ilc.cuhk.edu.hk/workshop/Chinese/Cantonese/Romanization/ch2_initials/audio/2_bpmf/3_1.mp3"
            },
            {
                "jyutping": "m4 ming4",
                "traditional": "\u5514\u660e",
                "jyutping_audio_url": "https://www.ilc.cuhk.edu.hk/workshop/Chinese/Cantonese/Romanization/ch2_initials/audio/2_bpmf/3_2.mp3"
            },
            {
                "jyutping": "maa4 maa1",
                "traditional": "\u5abd\u5abd",
                "jyutping_audio_url": "https://www.ilc.cuhk.edu.hk/workshop/Chinese/Cantonese/Romanization/ch2_initials/audio/2_bpmf/3_3.mp3"
            }
        ]
    },
    {
        "initial": "f",
        "initial_url": "https://www.ilc.cuhk.edu.hk/workshop/Chinese/Cantonese/Romanization/ch2_initials/audio/1_initials/initial1_14.mp3",
        "examples": [
            {
                "jyutping": "fu1 fu5",
                "traditional": "\u592b\u5a66",
                "jyutping_audio_url": "https://www.ilc.cuhk.edu.hk/workshop/Chinese/Cantonese/Romanization/ch2_initials/audio/2_bpmf/4_1.mp3"
            },
            {
                "jyutping": "fong1 faat3",
                "traditional": "\u65b9\u6cd5",
                "jyutping_audio_url": "https://www.ilc.cuhk.edu.hk/workshop/Chinese/Cantonese/Romanization/ch2_initials/audio/2_bpmf/4_2.mp3"
            },
            {
                "jyutping": "fung1 faan4",
                "traditional": "\u98a8\u5e06",
                "jyutping_audio_url": "https://www.ilc.cuhk.edu.hk/workshop/Chinese/Cantonese/Romanization/ch2_initials/audio/2_bpmf/4_3.mp3"
            }
        ]
    }
]