[
    {
        "initial": "d",
        "initial_url": "https://www.ilc.cuhk.edu.hk/workshop/Chinese/Cantonese/Romanization/ch2_initials/audio/1_initials/initial1_2.mp3",
        "examples": [
            {
                "jyutping": "do1 di1",
                "traditional": "\u591a\u5572",
                "jyutping_audio_url": "https://www.ilc.cuhk.edu.hk/workshop/Chinese/Cantonese/Romanization/ch2_initials/audio/3_dtnl/1_1.mp3"
            },
            {
                "jyutping": "de1 di4",
                "traditional": "\u7239\u54cb",
                "jyutping_audio_url": "https://www.ilc.cuhk.edu.hk/workshop/Chinese/Cantonese/Romanization/ch2_initials/audio/3_dtnl/1_2.mp3"
            },
            {
                "jyutping": "daai6 daam2",
                "traditional": "\u5927\u81bd",
                "jyutping_audio_url": "https://www.ilc.cuhk.edu.hk/workshop/Chinese/Cantonese/Romanization/ch2_initials/audio/3_dtnl/1_3.mp3"
            }
        ]
    },
    {
        "initial": "t",
        "initial_url": "https://www.ilc.cuhk.edu.hk/workshop/Chinese/Cantonese/Romanization/ch2_initials/audio/1_initials/initial1_7.mp3",
        "examples": [
            {
                "jyutping": "tou5 tung3",
                "traditional": "\u809a\u75db",
                "jyutping_audio_url": "https://www.ilc.cuhk.edu.hk/workshop/Chinese/Cantonese/Romanization/ch2_initials/audio/3_dtnl/2_1.mp3"
            },
            {
                "jyutping": "tin1 tong4",
                "traditional": "\u5929\u5802",
                "jyutping_audio_url": "https://www.ilc.cuhk.edu.hk/workshop/Chinese/Cantonese/Romanization/ch2_initials/audio/3_dtnl/2_2.mp3"
            },
            {
                "jyutping": "tau1 tai2",
                "traditional": "\u5077\u7747",
                "jyutping_audio_url": "https://www.ilc.cuhk.edu.hk/workshop/Chinese/Cantonese/Romanization/ch2_initials/audio/3_dtnl/2_3.mp3"
            }
        ]
    },
    {
        "initial": "n",
        "initial_url": "https://www.ilc.cuhk.edu.hk/workshop/Chinese/Cantonese/Romanization/ch2_initials/audio/1_initials/initial1_12.mp3",
        "examples": [
            {
                "jyutping": "naam4 neoi5",
                "traditional": "\u7537\u5973",
                "jyutping_audio_url": "https://www.ilc.cuhk.edu.hk/workshop/Chinese/Cantonese/Romanization/ch2_initials/audio/3_dtnl/3_1.mp3"
            },
            {
                "jyutping": "nin4 nin4",
                "traditional": "\u5e74\u5e74",
                "jyutping_audio_url": "https://www.ilc.cuhk.edu.hk/workshop/Chinese/Cantonese/Romanization/ch2_initials/audio/3_dtnl/3_2.mp3"
            },
            {
                "jyutping": "nang4 noi6",
                "traditional": "\u80fd\u8010",
                "jyutping_audio_url": "https://www.ilc.cuhk.edu.hk/workshop/Chinese/Cantonese/Romanization/ch2_initials/audio/3_dtnl/3_3.mp3"
            }
        ]
    },
    {
        "initial": "l",
        "initial_url": "https://www.ilc.cuhk.edu.hk/workshop/Chinese/Cantonese/Romanization/ch2_initials/audio/1_initials/initial1_17.mp3",
        "examples": [
            {
                "jyutping": "lau4 lei6",
                "traditional": "\u6d41\u5229",
                "jyutping_audio_url": "https://www.ilc.cuhk.edu.hk/workshop/Chinese/Cantonese/Romanization/ch2_initials/audio/3_dtnl/4_1.mp3"
            },
            {
                "jyutping": "lou5 lin6",
                "traditional": "\u8001\u7df4",
                "jyutping_audio_url": "https://www.ilc.cuhk.edu.hk/workshop/Chinese/Cantonese/Romanization/ch2_initials/audio/3_dtnl/4_2.mp3"
            },
            {
                "jyutping": "lyun4 lok3",
                "traditional": "\u806f\u7d61",
                "jyutping_audio_url": "https://www.ilc.cuhk.edu.hk/workshop/Chinese/Cantonese/Romanization/ch2_initials/audio/3_dtnl/4_3.mp3"
            }
        ]
    }
]