[
    {
        "initial": "g",
        "initial_url": "https://www.ilc.cuhk.edu.hk/workshop/Chinese/Cantonese/Romanization/ch2_initials/audio/1_initials/initial1_3.mp3",
        "examples": [
            {
                "jyutping": "gaam3 gaai3",
                "traditional": "\u5c37\u5c2c",
                "jyutping_audio_url": "https://www.ilc.cuhk.edu.hk/workshop/Chinese/Cantonese/Romanization/ch2_initials/audio/4_gkngh/1_1.mp3"
            },
            {
                "jyutping": "gung1 gung6",
                "traditional": "\u516c\u5171",
                "jyutping_audio_url": "https://www.ilc.cuhk.edu.hk/workshop/Chinese/Cantonese/Romanization/ch2_initials/audio/4_gkngh/1_2.mp3"
            },
            {
                "jyutping": "gaa1 gaa3",
                "traditional": "\u52a0\u50f9",
                "jyutping_audio_url": "https://www.ilc.cuhk.edu.hk/workshop/Chinese/Cantonese/Romanization/ch2_initials/audio/4_gkngh/1_3.mp3"
            }
        ]
    },
    {
        "initial": "k",
        "initial_url": "https://www.ilc.cuhk.edu.hk/workshop/Chinese/Cantonese/Romanization/ch2_initials/audio/1_initials/initial1_8.mp3",
        "examples": [
            {
                "jyutping": "kong3 keoi5",
                "traditional": "\u6297\u62d2",
                "jyutping_audio_url": "https://www.ilc.cuhk.edu.hk/workshop/Chinese/Cantonese/Romanization/ch2_initials/audio/4_gkngh/2_1.mp3"
            },
            {
                "jyutping": "koi3 kut3",
                "traditional": "\u6982\u62ec",
                "jyutping_audio_url": "https://www.ilc.cuhk.edu.hk/workshop/Chinese/Cantonese/Romanization/ch2_initials/audio/4_gkngh/2_2.mp3"
            },
            {
                "jyutping": "kuk1 kei4",
                "traditional": "\u66f2\u5947",
                "jyutping_audio_url": "https://www.ilc.cuhk.edu.hk/workshop/Chinese/Cantonese/Romanization/ch2_initials/audio/4_gkngh/2_3.mp3"
            }
        ]
    },
    {
        "initial": "ng",
        "initial_url": "https://www.ilc.cuhk.edu.hk/workshop/Chinese/Cantonese/Romanization/ch2_initials/audio/1_initials/initial1_13.mp3",
        "examples": [
            {
                "jyutping": "ngaau5 ngaa4",
                "traditional": "\u54ac\u7259",
                "jyutping_audio_url": "https://www.ilc.cuhk.edu.hk/workshop/Chinese/Cantonese/Romanization/ch2_initials/audio/4_gkngh/3_1.mp3"
            },
            {
                "jyutping": "ngaai4 ngo6",
                "traditional": "\u6371\u9913",
                "jyutping_audio_url": "https://www.ilc.cuhk.edu.hk/workshop/Chinese/Cantonese/Romanization/ch2_initials/audio/4_gkngh/3_2.mp3"
            },
            {
                "jyutping": "ngaak6 ngoi6",
                "traditional": "\u984d\u5916",
                "jyutping_audio_url": "https://www.ilc.cuhk.edu.hk/workshop/Chinese/Cantonese/Romanization/ch2_initials/audio/4_gkngh/3_3.mp3"
            }
        ]
    },
    {
        "initial": "h",
        "initial_url": "https://www.ilc.cuhk.edu.hk/workshop/Chinese/Cantonese/Romanization/ch2_initials/audio/1_initials/initial1_15.mp3",
        "examples": [
            {
                "jyutping": "hei3 hau6",
                "traditional": "\u6c23\u5019",
                "jyutping_audio_url": "https://www.ilc.cuhk.edu.hk/workshop/Chinese/Cantonese/Romanization/ch2_initials/audio/4_gkngh/4_1.mp3"
            },
            {
                "jyutping": "hok6 haau6",
                "traditional": "\u5b78\u6821",
                "jyutping_audio_url": "https://www.ilc.cuhk.edu.hk/workshop/Chinese/Cantonese/Romanization/ch2_initials/audio/4_gkngh/4_2.mp3"
            },
            {
                "jyutping": "hou3 haak3",
                "traditional": "\u597d\u5ba2",
                "jyutping_audio_url": "https://www.ilc.cuhk.edu.hk/workshop/Chinese/Cantonese/Romanization/ch2_initials/audio/4_gkngh/4_3.mp3"
            }
        ]
    }
]