[
    {
        "initial": "gw",
        "initial_url": "https://www.ilc.cuhk.edu.hk/workshop/Chinese/Cantonese/Romanization/ch2_initials/audio/1_initials/initial1_4.mp3",
        "examples": [
            {
                "jyutping": "gwo3 gwaan1",
                "traditional": "\u904e\u95dc",
                "jyutping_audio_url": "https://www.ilc.cuhk.edu.hk/workshop/Chinese/Cantonese/Romanization/ch2_initials/audio/5_gwkw/1_1.mp3"
            },
            {
                "jyutping": "gwai3 gwan1",
                "traditional": "\u5b63\u8ecd",
                "jyutping_audio_url": "https://www.ilc.cuhk.edu.hk/workshop/Chinese/Cantonese/Romanization/ch2_initials/audio/5_gwkw/1_2.mp3"
            },
            {
                "jyutping": "gwai2 gwaai3",
                "traditional": "\u9b3c\u602a",
                "jyutping_audio_url": "https://www.ilc.cuhk.edu.hk/workshop/Chinese/Cantonese/Romanization/ch2_initials/audio/5_gwkw/1_3.mp3"
            }
        ]
    },
    {
        "initial": "kw",
        "initial_url": "https://www.ilc.cuhk.edu.hk/workshop/Chinese/Cantonese/Romanization/ch2_initials/audio/1_initials/initial1_9.mp3",
        "examples": [
            {
                "jyutping": "kwaang1 kwaang1",
                "traditional": "\u6846\u6846",
                "jyutping_audio_url": "https://www.ilc.cuhk.edu.hk/workshop/Chinese/Cantonese/Romanization/ch2_initials/audio/5_gwkw/2_1.mp3"
            },
            {
                "jyutping": "kwan4 kwaa2",
                "traditional": "\u88d9\u8902",
                "jyutping_audio_url": "https://www.ilc.cuhk.edu.hk/workshop/Chinese/Cantonese/Romanization/ch2_initials/audio/5_gwkw/2_2.mp3"
            },
            {
                "jyutping": "kwai1 kwai1 geoi2 geoi2",
                "traditional": "\u898f\u898f\u77e9\u77e9",
                "jyutping_audio_url": "https://www.ilc.cuhk.edu.hk/workshop/Chinese/Cantonese/Romanization/ch2_initials/audio/5_gwkw/2_3.mp3"
            }
        ]
    }
]