[
    {
        "initial": "j",
        "initial_url": "https://www.ilc.cuhk.edu.hk/workshop/Chinese/Cantonese/Romanization/ch2_initials/audio/1_initials/initial1_19.mp3",
        "examples": [
            {
                "jyutping": "jam2 je5",
                "traditional": "\u98f2\u5622",
                "jyutping_audio_url": "https://www.ilc.cuhk.edu.hk/workshop/Chinese/Cantonese/Romanization/ch2_initials/audio/7_jw/1_1.mp3"
            },
            {
                "jyutping": "jing4 jin4",
                "traditional": "\u4ecd\u7136",
                "jyutping_audio_url": "https://www.ilc.cuhk.edu.hk/workshop/Chinese/Cantonese/Romanization/ch2_initials/audio/7_jw/1_2.mp3"
            },
            {
                "jyutping": "joek3 jan4",
                "traditional": "\u7d04\u4eba",
                "jyutping_audio_url": "https://www.ilc.cuhk.edu.hk/workshop/Chinese/Cantonese/Romanization/ch2_initials/audio/7_jw/1_3.mp3"
            }
        ]
    },
    {
        "initial": "w",
        "initial_url": "https://www.ilc.cuhk.edu.hk/workshop/Chinese/Cantonese/Romanization/ch2_initials/audio/1_initials/initial1_18.mp3",
        "examples": [
            {
                "jyutping": "waak6 waa2",
                "traditional": "\u756b\u756b",
                "jyutping_audio_url": "https://www.ilc.cuhk.edu.hk/workshop/Chinese/Cantonese/Romanization/ch2_initials/audio/7_jw/2_1.mp3"
            },
            {
                "jyutping": "wan1 wo4",
                "traditional": "\u6e29\u548c",
                "jyutping_audio_url": "https://www.ilc.cuhk.edu.hk/workshop/Chinese/Cantonese/Romanization/ch2_initials/audio/7_jw/2_2.mp3"
            },
            {
                "jyutping": "wai4 wu6",
                "traditional": "\u7dad\u8b77",
                "jyutping_audio_url": "https://www.ilc.cuhk.edu.hk/workshop/Chinese/Cantonese/Romanization/ch2_initials/audio/7_jw/2_3.mp3"
            }
        ]
    }
]