[
    {
        "initial": "z",
        "initial_url": "https://www.ilc.cuhk.edu.hk/workshop/Chinese/Cantonese/Romanization/ch2_initials/audio/1_initials/initial1_5.mp3",
        "examples": [
            {
                "jyutping": "zaap6 zi3",
                "traditional": "\u96dc\u8a8c",
                "jyutping_audio_url": "https://www.ilc.cuhk.edu.hk/workshop/Chinese/Cantonese/Romanization/ch2_initials/audio/6_zcs/1_1.mp3"
            },
            {
                "jyutping": "ze4 ze1",
                "traditional": "\u59d0\u59d0",
                "jyutping_audio_url": "https://www.ilc.cuhk.edu.hk/workshop/Chinese/Cantonese/Romanization/ch2_initials/audio/6_zcs/1_2.mp3"
            },
            {
                "jyutping": "zyu6 zaak2",
                "traditional": "\u4f4f\u5b85",
                "jyutping_audio_url": "https://www.ilc.cuhk.edu.hk/workshop/Chinese/Cantonese/Romanization/ch2_initials/audio/6_zcs/1_3.mp3"
            }
        ]
    },
    {
        "initial": "c",
        "initial_url": "https://www.ilc.cuhk.edu.hk/workshop/Chinese/Cantonese/Romanization/ch2_initials/audio/1_initials/initial1_10.mp3",
        "examples": [
            {
                "jyutping": "coi4 caan2",
                "traditional": "\u8ca1\u7522",
                "jyutping_audio_url": "https://www.ilc.cuhk.edu.hk/workshop/Chinese/Cantonese/Romanization/ch2_initials/audio/6_zcs/2_1.mp3"
            },
            {
                "jyutping": "cing1 ceon1",
                "traditional": "\u9752\u6625",
                "jyutping_audio_url": "https://www.ilc.cuhk.edu.hk/workshop/Chinese/Cantonese/Romanization/ch2_initials/audio/6_zcs/2_2.mp3"
            },
            {
                "jyutping": "ceot1 cin2",
                "traditional": "\u51fa\u9322",
                "jyutping_audio_url": "https://www.ilc.cuhk.edu.hk/workshop/Chinese/Cantonese/Romanization/ch2_initials/audio/6_zcs/2_3.mp3"
            }
        ]
    },
    {
        "initial": "s",
        "initial_url": "https://www.ilc.cuhk.edu.hk/workshop/Chinese/Cantonese/Romanization/ch2_initials/audio/1_initials/initial1_16.mp3",
        "examples": [
            {
                "jyutping": "so2 si4",
                "traditional": "\u9396\u5319",
                "jyutping_audio_url": "https://www.ilc.cuhk.edu.hk/workshop/Chinese/Cantonese/Romanization/ch2_initials/audio/6_zcs/3_1.mp3"
            },
            {
                "jyutping": "sau6 si1",
                "traditional": "\u58fd\u53f8",
                "jyutping_audio_url": "https://www.ilc.cuhk.edu.hk/workshop/Chinese/Cantonese/Romanization/ch2_initials/audio/6_zcs/3_2.mp3"
            },
            {
                "jyutping": "suk1 se3",
                "traditional": "\u5bbf\u820d",
                "jyutping_audio_url": "https://www.ilc.cuhk.edu.hk/workshop/Chinese/Cantonese/Romanization/ch2_initials/audio/6_zcs/3_3.mp3"
            }
        ]
    }
]